{
  "project_info": {
    "project_number": "424949922522",
    "project_id": "elzcareplus",
    "storage_bucket": "elzcareplus.firebasestorage.app"
  },
  "client": [
    {
      "client_info": {
        "mobilesdk_app_id": "1:424949922522:android:0be170074ee0db8e94c3e3",
        "android_client_info": {
          "package_name": "com.example.alzcare"
        }
      },
      "oauth_client": [],
      "api_key": [
        {
          "current_key": "AIzaSyBJUgyUm0a4dPmSmBC4-P3k8cWZbOSqrS4"
        }
      ],
      "services": {
        "appinvite_service": {
          "other_platform_oauth_client": []
        }
      }
    }
  ],
  "configuration_version": "1"
}